country,TRANSPARENCY,OVERSIGHT_AUDIT,ACCOUNTABILITY_LIABILITY,PUBLIC_PARTICIPATION,APPEALS_REMEDY
CN,0.2012448132780083,0.6991701244813278,0.2551867219917012,0.14522821576763487,0.04149377593360996
US,0.21160822249093109,0.3482466747279323,0.20314389359129384,0.2184602982668279,0.01652559451833938
